Station,SampleDateTime,MeasurementValue
"ALIX LAKE, CENTRE COMPOSITE",06/11/2014 13:00:00,0.152
"ALIX LAKE, CENTRE COMPOSITE",07/08/2014 12:15:00,0.142
"ALIX LAKE, CENTRE COMPOSITE",08/13/2014 12:00:00,0.148
"ALIX LAKE, CENTRE COMPOSITE",09/08/2014 11:30:00,0.146
"ALIX LAKE, PROFILE",08/13/2014 12:15:00,0.144
"ALIX LAKE, PROFILE",08/13/2014 12:30:00,0.142
"ARM LAKE, COMPOSITE",06/08/2011 10:40:00,0.16
"ARM LAKE, COMPOSITE",08/16/2011 10:00:00,0.2
"ARM LAKE, COMPOSITE",09/07/2011 09:15:00,0.15
"BAPTISTE LAKE, NORTH BASIN COMPOSITE",05/30/2011 11:15:00,0.13
"BAPTISTE LAKE, NORTH BASIN COMPOSITE",06/21/2011 13:00:00,0.13
"BAPTISTE LAKE, NORTH BASIN COMPOSITE",07/13/2011 12:30:00,0.13
"BAPTISTE LAKE, NORTH BASIN COMPOSITE",08/02/2011 12:30:00,0.12
"BAPTISTE LAKE, NORTH BASIN COMPOSITE",09/01/2011 11:30:00,0.12
"BAPTISTE LAKE, NORTH BASIN COMPOSITE",09/13/2011 13:30:00,0.13
"BAPTISTE LAKE, NORTH BASIN COMPOSITE",10/18/2011 14:00:00,0.12
"BAPTISTE LAKE, NORTH BASIN COMPOSITE",05/30/2013 12:20:00,0.1
"BAPTISTE LAKE, NORTH BASIN COMPOSITE",06/27/2013 13:30:00,0.12
"BAPTISTE LAKE, NORTH BASIN COMPOSITE",07/16/2013 15:00:00,0.13
"BAPTISTE LAKE, NORTH BASIN COMPOSITE",08/07/2013 12:00:00,0.11
"BAPTISTE LAKE, NORTH BASIN COMPOSITE",08/27/2013 14:00:00,0.13
"BAPTISTE LAKE, NORTH BASIN COMPOSITE",09/24/2013 11:45:00,0.13
"BAPTISTE LAKE, NORTH BASIN COMPOSITE",10/21/2013 13:00:00,0.12
"BAPTISTE LAKE, NORTH BASIN PROFILE",03/15/2012 14:00:00,0.16
"BAPTISTE LAKE, NORTH BASIN PROFILE",03/15/2012 14:15:00,0.15
"BAPTISTE LAKE, NORTH BASIN PROFILE",03/15/2012 14:30:00,0.18
"BAPTISTE LAKE, NORTH BASIN PROFILE",03/11/2014 12:30:00,0.14
"BAPTISTE LAKE, NORTH BASIN PROFILE",03/11/2014 12:45:00,0.14
"BAPTISTE LAKE, NORTH BASIN PROFILE",03/11/2014 13:00:00,0.14
"BAPTISTE LAKE, SOUTH BASIN COMPOSITE",05/30/2011 12:30:00,0.13
"BAPTISTE LAKE, SOUTH BASIN COMPOSITE",06/21/2011 11:00:00,0.13
"BAPTISTE LAKE, SOUTH BASIN COMPOSITE",07/13/2011 14:30:00,0.13
"BAPTISTE LAKE, SOUTH BASIN COMPOSITE",08/02/2011 13:45:00,0.12
"BAPTISTE LAKE, SOUTH BASIN COMPOSITE",09/01/2011 12:45:00,0.12
"BAPTISTE LAKE, SOUTH BASIN COMPOSITE",09/13/2011 11:30:00,0.13
"BAPTISTE LAKE, SOUTH BASIN COMPOSITE",10/18/2011 11:45:00,0.12
"BAPTISTE LAKE, SOUTH BASIN COMPOSITE",05/30/2013 14:50:00,0.1
"BAPTISTE LAKE, SOUTH BASIN COMPOSITE",06/27/2013 11:30:00,0.12
"BAPTISTE LAKE, SOUTH BASIN COMPOSITE",07/16/2013 12:15:00,0.12
"BAPTISTE LAKE, SOUTH BASIN COMPOSITE",08/07/2013 14:30:00,0.12
"BAPTISTE LAKE, SOUTH BASIN COMPOSITE",08/27/2013 11:30:00,0.13
"BAPTISTE LAKE, SOUTH BASIN COMPOSITE",09/24/2013 15:00:00,0.12
"BAPTISTE LAKE, SOUTH BASIN COMPOSITE",10/21/2013 14:00:00,0.13
"BAPTISTE LAKE, SOUTH BASIN PROFILE",03/15/2012 11:15:00,0.15
"BAPTISTE LAKE, SOUTH BASIN PROFILE",03/15/2012 11:30:00,0.14
"BAPTISTE LAKE, SOUTH BASIN PROFILE",03/15/2012 11:45:00,0.15
"BAPTISTE LAKE, SOUTH BASIN PROFILE",03/11/2014 10:30:00,0.14
"BAPTISTE LAKE, SOUTH BASIN PROFILE",03/11/2014 10:45:00,0.14
"BAPTISTE LAKE, SOUTH BASIN PROFILE",03/11/2014 11:00:00,0.14
"BATTLE LAKE, COMPOSITE",06/12/2012 09:45:00,0.11
"BATTLE LAKE, COMPOSITE",08/13/2012 09:30:00,0.1
"BATTLE LAKE, COMPOSITE",09/21/2012 10:30:00,0.13
"BATTLE LAKE, COMPOSITE",06/25/2013 12:00:00,0.086
"BATTLE LAKE, COMPOSITE",07/23/2013 15:00:00,0.087
"BATTLE LAKE, COMPOSITE",08/12/2013 13:00:00,0.076
"BATTLE LAKE, COMPOSITE",09/26/2013 12:30:00,0.079
"BATTLE LAKE, PROFILE AT GREATEST DEPTH",08/12/2013 13:05:00,0.076
"BATTLE LAKE, PROFILE AT GREATEST DEPTH",08/12/2013 13:10:00,0.078
"BEAR LAKE, COMPOSITE",07/13/2014 13:45:00,0.12
"BEAR LAKE, COMPOSITE",08/05/2014 11:00:00,0.14
"BEAR LAKE, COMPOSITE",09/23/2014 08:30:00,0.14
"BEAUVAIS LAKE, COMPOSITE",06/26/2012 09:00:00,0.2
"BEAUVAIS LAKE, COMPOSITE",07/31/2012 08:00:00,0.12
"BEAUVAIS LAKE, COMPOSITE",09/18/2012 07:30:00,0.12
"BEAVER MINES LAKE, COMPOSITE",06/19/2014 12:30:00,0.052
"BEAVER MINES LAKE, COMPOSITE",07/22/2014 12:30:00,0.053
"BEAVER MINES LAKE, COMPOSITE",08/07/2014 09:15:00,0.058
"BEAVER MINES LAKE, COMPOSITE",08/26/2014 11:00:00,0.052
"BEAVER MINES LAKE, COMPOSITE",09/30/2014 09:29:00,0.052
"BUCK LAKE, COMPOSITE",06/13/2013 11:00:00,0.056
"BUCK LAKE, COMPOSITE",07/23/2013 10:40:00,0.075
"BUCK LAKE, COMPOSITE",08/14/2013 14:00:00,0.084
"BUCK LAKE, COMPOSITE",10/04/2013 14:00:00,0.066
"BUCK LAKE, PROFILE AT GREATEST DEPTH",08/14/2013 14:05:00,0.091
"BUCK LAKE, PROFILE AT GREATEST DEPTH",08/14/2013 14:29:00,0.078
"BUFFALO LAKE (NEAR BASHAW), MAIN BASIN COMPOSITE",06/26/2014 11:30:00,0.264
"BUFFALO LAKE (NEAR BASHAW), MAIN BASIN COMPOSITE",07/29/2014 13:00:00,0.275
"BUFFALO LAKE (NEAR BASHAW), MAIN BASIN COMPOSITE",08/27/2014 12:30:00,0.247
"BUFFALO LAKE (NEAR BASHAW), MAIN BASIN COMPOSITE",09/24/2014 12:00:00,0.249
"BUFFALO LAKE (NEAR BASHAW), MAIN BASIN PROFILE AT CENTRE",08/27/2014 12:15:00,0.246
"BUFFALO LAKE (NEAR BASHAW), MAIN BASIN PROFILE AT CENTRE",08/27/2014 12:30:00,0.242
"CALLING LAKE, COMPOSITE",06/13/2011 11:30:00,0.1
"CALLING LAKE, COMPOSITE",08/10/2011 08:15:00,0.1
"CALLING LAKE, COMPOSITE",09/20/2011 09:45:00,0.1
"CHESTERMERE LAKE, COMPOSITE",06/14/2011 09:10:00,0.14
"CHESTERMERE LAKE, COMPOSITE",08/11/2011 09:00:00,0.16
"CHESTERMERE LAKE, COMPOSITE",09/08/2011 10:20:00,0.13
"CHESTERMERE LAKE, COMPOSITE",07/19/2013 10:09:00,0.14
"CHESTERMERE LAKE, COMPOSITE",08/15/2013 09:50:00,0.12
"CHESTERMERE LAKE, COMPOSITE",09/24/2013 09:46:00,0.12
"CHIN (STAFFORD) RESERVOIR NORTH OF DAM AT RR182, COMPOSITE",06/18/2013 12:30:00,0.065
"CHIN (STAFFORD) RESERVOIR NORTH OF DAM AT RR182, COMPOSITE",07/16/2013 11:00:00,0.07
"CHIN (STAFFORD) RESERVOIR NORTH OF DAM AT RR182, COMPOSITE",08/14/2013 10:30:00,0.061
"CHIN (STAFFORD) RESERVOIR NORTH OF DAM AT RR182, COMPOSITE",09/10/2013 12:00:00,0.056
"CHIP LAKE, WHOLE LAKE COMPOSITE",07/19/2012 09:00:00,0.08
"CHIP LAKE, WHOLE LAKE COMPOSITE",08/15/2012 09:00:00,0.09
"CHIP LAKE, WHOLE LAKE COMPOSITE",09/20/2012 08:30:00,0.08
"CHIP LAKE, WHOLE LAKE COMPOSITE",06/20/2013 06:40:00,0.08
"CHIP LAKE, WHOLE LAKE COMPOSITE",08/07/2013 07:06:00,0.09
"CHIP LAKE, WHOLE LAKE COMPOSITE",09/06/2013 06:54:00,0.08
"CHIP LAKE, WHOLE LAKE COMPOSITE",06/27/2014 07:00:00,0.07
"CHIP LAKE, WHOLE LAKE COMPOSITE",08/07/2014 06:45:00,0.09
"CHIP LAKE, WHOLE LAKE COMPOSITE",09/11/2014 07:30:00,0.09
"CLEAR (BARNES) LAKE, COMPOSITE",06/27/2013 10:55:00,0.19
"CLEAR (BARNES) LAKE, COMPOSITE",08/15/2013 10:45:00,0.16
"CLEAR (BARNES) LAKE, COMPOSITE",09/12/2013 11:00:00,0.19
"COAL LAKE, COMPOSITE",06/11/2013 10:15:00,0.249
"COAL LAKE, COMPOSITE",07/09/2013 10:30:00,0.24
"COAL LAKE, COMPOSITE",08/21/2013 12:30:00,0.22
"COAL LAKE, COMPOSITE",09/10/2013 11:30:00,0.243
"COAL LAKE, PROFILE",08/21/2013 12:00:00,0.246
"COAL LAKE, PROFILE",08/21/2013 12:15:00,0.227
"COW LAKE, COMPOSITE",06/04/2012 12:00:00,0.08
"COW LAKE, COMPOSITE",08/10/2012 14:15:00,0.09
"COW LAKE, COMPOSITE",09/14/2012 13:30:00,0.07
"CRAWLING VALLEY RESERVOIR, COMPOSITE",06/22/2011 10:00:00,0.21
"CRAWLING VALLEY RESERVOIR, COMPOSITE",07/29/2011 10:00:00,0.22
"CRAWLING VALLEY RESERVOIR, COMPOSITE",09/30/2011 10:00:00,0.18
"CRIMSON LAKE, COMPOSITE",06/11/2013 09:41:00,0.07
"CRIMSON LAKE, COMPOSITE",08/12/2013 09:05:00,0.07
"CRIMSON LAKE, COMPOSITE",09/19/2013 09:02:00,0.06
"DECHAINE LAKE, WHOLE LAKE COMPOSITE",06/23/2012 14:00:00,0.13
"DECHAINE LAKE, WHOLE LAKE COMPOSITE",08/11/2012 12:30:00,0.14
"DECHAINE LAKE, WHOLE LAKE COMPOSITE",09/23/2012 14:30:00,0.16
"DILLBERRY LAKE, COMPOSITE",06/07/2011 12:15:00,0.21
"DILLBERRY LAKE, COMPOSITE",08/15/2011 11:55:00,0.22
"DILLBERRY LAKE, COMPOSITE",09/26/2011 10:45:00,0.23
"DRIEDMEAT LAKE, COMPOSITE",06/11/2013 15:15:00,0.193
"DRIEDMEAT LAKE, COMPOSITE",07/09/2013 14:00:00,0.186
"DRIEDMEAT LAKE, COMPOSITE",08/22/2013 13:30:00,0.222
"DRIEDMEAT LAKE, COMPOSITE",09/12/2013 11:30:00,0.197
"DRIEDMEAT LAKE, PROFILE",08/22/2013 12:30:00,0.171
"DRIEDMEAT LAKE, PROFILE",08/22/2013 12:45:00,0.179
"ELKWATER LAKE, COMPOSITE",06/06/2011 07:36:00,0.16
"ELKWATER LAKE, COMPOSITE",08/08/2011 13:20:00,0.16
"ELKWATER LAKE, COMPOSITE",09/20/2011 11:05:00,0.17
"ETHEL LAKE (NEAR COLD LAKE), COMPOSITE",05/30/2011 13:30:00,0.12
"ETHEL LAKE (NEAR COLD LAKE), COMPOSITE",06/22/2011 12:45:00,0.12
"ETHEL LAKE (NEAR COLD LAKE), COMPOSITE",07/12/2011 12:45:00,0.12
"ETHEL LAKE (NEAR COLD LAKE), COMPOSITE",08/02/2011 12:45:00,0.12
"ETHEL LAKE (NEAR COLD LAKE), COMPOSITE",08/30/2011 12:40:00,0.12
"ETHEL LAKE (NEAR COLD LAKE), COMPOSITE",09/20/2011 13:00:00,0.12
"ETHEL LAKE (NEAR COLD LAKE), COMPOSITE",10/19/2011 13:15:00,0.12
"ETHEL LAKE (NEAR COLD LAKE), COMPOSITE",05/27/2013 13:00:00,0.1
"ETHEL LAKE (NEAR COLD LAKE), COMPOSITE",06/18/2013 13:00:00,0.11
"ETHEL LAKE (NEAR COLD LAKE), COMPOSITE",07/17/2013 13:15:00,0.12
"ETHEL LAKE (NEAR COLD LAKE), COMPOSITE",08/06/2013 13:00:00,0.12
"ETHEL LAKE (NEAR COLD LAKE), COMPOSITE",08/29/2013 09:00:00,0.13
"ETHEL LAKE (NEAR COLD LAKE), COMPOSITE",09/25/2013 11:00:00,0.13
"ETHEL LAKE (NEAR COLD LAKE), COMPOSITE",10/24/2013 09:30:00,0.12
"ETHEL LAKE (NEAR COLD LAKE), PROFILE SITE 1",03/08/2012 12:45:00,0.14
"ETHEL LAKE (NEAR COLD LAKE), PROFILE SITE 1",03/08/2012 13:00:00,0.14
"ETHEL LAKE (NEAR COLD LAKE), PROFILE SITE 1",03/08/2012 13:20:00,0.16
"ETHEL LAKE (NEAR COLD LAKE), PROFILE SITE 1",02/27/2014 11:15:00,0.33
"ETHEL LAKE (NEAR COLD LAKE), PROFILE SITE 1",02/27/2014 11:30:00,0.1
"ETHEL LAKE (NEAR COLD LAKE), PROFILE SITE 1",02/27/2014 11:45:00,0.11
"FLOATING STONE LAKE, COMPOSITE",06/13/2013 10:00:00,0.19
"FLOATING STONE LAKE, COMPOSITE",08/29/2013 10:00:00,0.13
"FLOATING STONE LAKE, COMPOSITE",06/13/2014 12:00:00,0.18
"FLOATING STONE LAKE, COMPOSITE",08/16/2014 11:45:00,0.18
"FLOATING STONE LAKE, COMPOSITE",09/13/2014 08:45:00,0.2
"FORTY MILE COULEE, COMPOSITE",06/18/2013 08:00:00,0.15
"FORTY MILE COULEE, COMPOSITE",07/16/2013 07:30:00,0.16
"FORTY MILE COULEE, COMPOSITE",08/13/2013 08:00:00,0.14
"FORTY MILE COULEE, COMPOSITE",09/10/2013 08:00:00,0.14
"FRANK LAKE, BASIN 1 (NORTH) PROFILE",03/11/2013 09:55:00,0.12
"FRANK LAKE, BASIN 1 (NORTH) PROFILE",02/19/2015 14:00:00,0.088
"FRANK LAKE, BASIN 1 (NORTH) PROFILE",02/23/2015 11:20:00,0.14
"FRANK LAKE, BASIN 2 (SOUTH) PROFILE",03/11/2013 11:05:00,0.16
"GHOST LAKE RESERVOIR, NEAR COCHRANE COMPOSITE",06/14/2013 09:45:00,0.1
"GHOST LAKE RESERVOIR, NEAR COCHRANE COMPOSITE",08/08/2013 09:15:00,0.11
"GLENIFFER LAKE (DICKSON RESERVOIR), REGION 1 (EAST END) PROFILE AT CENTRE",06/08/2012 18:20:00,0.17
"GLENIFFER LAKE (DICKSON RESERVOIR), REGION 1 (EAST END) PROFILE AT CENTRE",06/08/2012 18:30:00,0.17
"GLENIFFER LAKE (DICKSON RESERVOIR), REGION 1 (EAST END) PROFILE AT CENTRE",06/08/2012 18:40:00,0.17
"GLENIFFER LAKE (DICKSON RESERVOIR), REGION 1 (EAST END) PROFILE AT CENTRE",06/08/2012 18:50:00,0.16
"GLENIFFER LAKE (DICKSON RESERVOIR), REGION 1 (EAST END) PROFILE AT CENTRE",06/09/2012 12:50:00,0.17
"GLENIFFER LAKE (DICKSON RESERVOIR), REGION 1 (EAST END) PROFILE AT CENTRE",06/09/2012 12:50:00,0.17
"GLENIFFER LAKE (DICKSON RESERVOIR), REGION 1 (EAST END) PROFILE AT CENTRE",06/09/2012 13:15:00,0.16
"GLENIFFER LAKE (DICKSON RESERVOIR), REGION 1 (EAST END) PROFILE AT CENTRE",06/15/2012 10:30:00,0.15
"GLENIFFER LAKE (DICKSON RESERVOIR), REGION 1 (EAST END) PROFILE AT CENTRE",06/15/2012 10:40:00,0.15
"GLENIFFER LAKE (DICKSON RESERVOIR), REGION 1 (EAST END) PROFILE AT CENTRE",06/15/2012 10:50:00,0.14
"GLENIFFER LAKE (DICKSON RESERVOIR), REGION 1 (EAST END) PROFILE AT CENTRE",06/21/2012 09:30:00,0.13
"GLENIFFER LAKE (DICKSON RESERVOIR), REGION 1 (EAST END) PROFILE AT CENTRE",06/21/2012 09:45:00,0.12
"GLENIFFER LAKE (DICKSON RESERVOIR), REGION 1 (EAST END) PROFILE AT CENTRE",06/21/2012 09:55:00,0.12
"GLENIFFER LAKE (DICKSON RESERVOIR), REGION 1 (EAST END) PROFILE AT CENTRE",06/28/2012 09:30:00,0.12
"GLENIFFER LAKE (DICKSON RESERVOIR), REGION 1 (EAST END) PROFILE AT CENTRE",06/28/2012 09:40:00,0.12
"GLENIFFER LAKE (DICKSON RESERVOIR), REGION 1 (EAST END) PROFILE AT CENTRE",06/28/2012 09:50:00,0.12
"GLENIFFER LAKE (DICKSON RESERVOIR), REGION 1 (EAST END) PROFILE AT CENTRE",07/06/2012 10:05:00,0.11
"GLENIFFER LAKE (DICKSON RESERVOIR), REGION 1 (EAST END) PROFILE AT CENTRE",09/24/2012 11:30:00,0.15
"GLENIFFER LAKE (DICKSON RESERVOIR), REGION 2 (CENTRE) PROFILE AT CENTRE",06/08/2012 19:40:00,0.18
"GLENIFFER LAKE (DICKSON RESERVOIR), REGION 2 (CENTRE) PROFILE AT CENTRE",08/20/2014 11:30:00,0.102
"GLENIFFER LAKE (DICKSON RESERVOIR), REGION 2 (CENTRE) PROFILE AT CENTRE",08/20/2014 11:45:00,0.085
"GLENIFFER LAKE (DICKSON RESERVOIR), REGION 3 (WEST END) PROFILE AT CENTRE",06/15/2012 12:25:00,0.14
"GLENIFFER LAKE (DICKSON RESERVOIR), REGION 3 (WEST END) PROFILE AT CENTRE",06/15/2012 12:35:00,0.14
"GLENIFFER LAKE (DICKSON RESERVOIR), REGION 3 (WEST END) PROFILE AT CENTRE",06/15/2012 12:45:00,0.14
"GLENIFFER LAKE (DICKSON RESERVOIR), REGION 3 (WEST END) PROFILE AT CENTRE",06/21/2012 11:45:00,0.13
"GLENIFFER LAKE (DICKSON RESERVOIR), REGION 3 (WEST END) PROFILE AT CENTRE",06/21/2012 11:55:00,0.12
"GLENIFFER LAKE (DICKSON RESERVOIR), REGION 3 (WEST END) PROFILE AT CENTRE",06/21/2012 12:10:00,0.13
"GLENIFFER LAKE (DICKSON RESERVOIR), REGION 3 (WEST END) PROFILE AT CENTRE",06/28/2012 11:15:00,0.12
"GLENIFFER LAKE (DICKSON RESERVOIR), REGION 3 (WEST END) PROFILE AT CENTRE",06/28/2012 11:25:00,0.12
"GLENIFFER LAKE (DICKSON RESERVOIR), REGION 3 (WEST END) PROFILE AT CENTRE",06/28/2012 11:35:00,0.12
"GLENIFFER LAKE (DICKSON RESERVOIR), REGION 3 (WEST END) PROFILE AT CENTRE",07/06/2012 10:46:00,0.12
"GLENIFFER LAKE (DICKSON RESERVOIR), REGION 3 (WEST END) PROFILE AT CENTRE",09/24/2012 11:00:00,0.15
"GLENIFFER LAKE (DICKSON RESERVOIR), WHOLE LAKE COMPOSITE",06/26/2014 10:00:00,0.096
"GLENIFFER LAKE (DICKSON RESERVOIR), WHOLE LAKE COMPOSITE",07/23/2014 11:30:00,0.09
"GLENIFFER LAKE (DICKSON RESERVOIR), WHOLE LAKE COMPOSITE",08/20/2014 12:30:00,0.104
"GLENIFFER LAKE (DICKSON RESERVOIR), WHOLE LAKE COMPOSITE",10/01/2014 12:00:00,0.193
"GRAND CACHE LAKE, COMPOSITE",06/14/2011 08:30:00,0.13
"GRAND CACHE LAKE, COMPOSITE",08/16/2011 09:30:00,0.13
"GRAND CACHE LAKE, COMPOSITE",10/20/2011 08:30:00,0.13
"GRAND CACHE LAKE, PROFILE",03/06/2012 10:15:00,0.16
"GRAND CACHE LAKE, PROFILE",03/06/2012 10:30:00,0.16
"GREGG LAKE, COMPOSITE",07/04/2012 10:00:00,0.06
"GREGG LAKE, COMPOSITE",08/09/2012 11:00:00,0.09
"GREGG LAKE, COMPOSITE",09/06/2012 10:30:00,0.08
"GREGOIRE LAKE, COMPOSITE",06/19/2013 08:15:00,0.09
"GREGOIRE LAKE, COMPOSITE",07/27/2013 09:30:00,0.11
"GULL LAKE, CENTRE PROFILE SITE 2",08/09/2011 10:10:00,0.183
"GULL LAKE, CENTRE PROFILE SITE 2",08/09/2011 10:20:00,0.186
"GULL LAKE, COMPOSITE",07/06/2011 11:00:00,0.17
"GULL LAKE, COMPOSITE",08/09/2011 10:30:00,0.183
"GULL LAKE, COMPOSITE",09/13/2011 10:30:00,0.213
"GULL LAKE, COMPOSITE",06/11/2012 14:10:00,0.17
"GULL LAKE, COMPOSITE",08/04/2012 10:30:00,0.18
"GULL LAKE, COMPOSITE",09/09/2012 10:30:00,0.2
"HALF MOON LAKE, COMPOSITE",06/22/2011 09:15:00,0.16
"HALF MOON LAKE, COMPOSITE",08/05/2011 08:45:00,0.16
"HALF MOON LAKE, COMPOSITE",09/08/2011 09:15:00,0.15
"HANMORE LAKE, COMPOSITE",06/29/2014 09:00:00,0.17
"HANMORE LAKE, COMPOSITE",08/05/2014 12:45:00,0.17
"HANMORE LAKE, COMPOSITE",09/15/2014 10:00:00,0.19
"HASTINGS LAKE, COMPOSITE",06/22/2012 09:00:00,0.4
"HASTINGS LAKE, COMPOSITE",08/08/2012 09:00:00,0.37
"HASTINGS LAKE, COMPOSITE",09/25/2012 08:45:00,0.4
"HILDA LAKE, COMPOSITE",06/29/2011 09:00:00,0.21
"HILDA LAKE, COMPOSITE",08/26/2011 10:15:00,0.22
"HUBBLES LAKE, COMPOSITE",06/11/2014 11:00:00,0.19
"HUBBLES LAKE, COMPOSITE",08/04/2014 11:00:00,0.18
"HUBBLES LAKE, COMPOSITE",09/17/2014 13:00:00,0.2
"IOSEGUN LAKE, COMPOSITE",06/28/2014 12:00:00,0.05
"IOSEGUN LAKE, COMPOSITE",08/08/2014 09:30:00,0.05
"IOSEGUN LAKE, COMPOSITE",09/30/2014 09:00:00,0.05
"ISLAND LAKE (NEAR HANMORE LAKE), COMPOSITE",08/25/2013 08:30:00,0.27
"ISLAND LAKE (NEAR HANMORE LAKE), COMPOSITE",09/15/2013 09:00:00,0.3
"ISLAND LAKE, COMPOSITE",06/19/2012 10:45:00,0.19
"ISLAND LAKE, COMPOSITE",08/04/2012 09:45:00,0.14
"ISLAND LAKE, COMPOSITE",09/14/2012 10:15:00,0.15
"ISLE LAKE, COMPOSITE",06/21/2011 15:26:00,0.16
"ISLE LAKE, COMPOSITE",08/02/2011 10:18:00,0.15
"ISLE LAKE, COMPOSITE",09/07/2011 10:30:00,0.16
"ISLE LAKE, COMPOSITE",06/19/2012 11:00:00,0.144
"ISLE LAKE, COMPOSITE",07/16/2012 13:30:00,0.122
"ISLE LAKE, COMPOSITE",08/20/2012 14:00:00,0.135
"ISLE LAKE, COMPOSITE",09/24/2012 13:30:00,0.158
"ISLE LAKE, COMPOSITE",06/16/2014 09:30:00,0.14
"ISLE LAKE, COMPOSITE",08/02/2014 08:30:00,0.14
"ISLE LAKE, COMPOSITE",09/14/2014 09:45:00,0.16
"ISLE LAKE, PROFILE AT CENTRE",08/20/2012 13:40:00,0.135
"ISLE LAKE, PROFILE AT CENTRE",08/20/2012 13:50:00,0.143
"JACKFISH LAKE (NEAR CARVEL), COMPOSITE",06/28/2011 08:45:00,0.24
"JACKFISH LAKE (NEAR CARVEL), COMPOSITE",08/12/2011 09:35:00,0.24
"JACKFISH LAKE (NEAR CARVEL), COMPOSITE",09/10/2011 09:50:00,0.25
"JACKFISH LAKE (NEAR CARVEL), COMPOSITE",06/22/2012 14:00:00,0.31
"JACKFISH LAKE (NEAR CARVEL), COMPOSITE",08/02/2012 08:30:00,0.22
"JACKFISH LAKE (NEAR CARVEL), COMPOSITE",09/04/2012 09:00:00,0.26
"JACKFISH LAKE (NEAR CARVEL), COMPOSITE",06/18/2013 08:20:00,0.24
"JACKFISH LAKE (NEAR CARVEL), COMPOSITE",08/01/2013 08:49:00,0.25
"JACKFISH LAKE (NEAR CARVEL), COMPOSITE",09/09/2013 08:50:00,0.24
"JARVIS LAKE, COMPOSITE",06/19/2012 10:30:00,0.09
"JARVIS LAKE, COMPOSITE",08/09/2012 08:30:00,0.09
"JARVIS LAKE, COMPOSITE",09/06/2012 08:30:00,0.08
"JENSEN RESERVOIR, COMPOSITE",07/05/2011 11:30:00,0.11
"JENSEN RESERVOIR, COMPOSITE",08/04/2011 12:30:00,0.08
"KEHIWIN LAKE, COMPOSITE",06/28/2011 14:30:00,0.19
"KEHIWIN LAKE, COMPOSITE",08/02/2011 10:15:00,0.18
"KEHIWIN LAKE, COMPOSITE",07/19/2013 11:30:00,0.19
"KEHIWIN LAKE, COMPOSITE",08/09/2013 09:15:00,0.18
"LAC LA NONNE, WHOLE LAKE COMPOSITE",06/30/2011 09:49:00,0.11
"LAC LA NONNE, WHOLE LAKE COMPOSITE",08/14/2011 09:21:00,0.12
"LAC LA NONNE, WHOLE LAKE COMPOSITE",06/14/2014 09:00:00,0.12
"LAC LA NONNE, WHOLE LAKE COMPOSITE",08/03/2014 09:00:00,0.12
"LAC SAINT CYR, EAST AND WEST BASIN COMPOSITE",06/23/2012 14:00:00,0.22
"LAC SAINT CYR, EAST AND WEST BASIN COMPOSITE",07/23/2012 11:40:00,0.17
"LAC SAINT CYR, EAST AND WEST BASIN COMPOSITE",08/10/2012 12:00:00,0.18
"LAC SAINT CYR, EAST AND WEST BASIN COMPOSITE",08/24/2012 11:30:00,0.16
"LAC SAINT CYR, EAST AND WEST BASIN COMPOSITE",09/13/2012 15:00:00,0.17
"LAC SAINT CYR, NORTH BASIN COMPOSITE",06/23/2012 11:00:00,0.25
"LAC SAINT CYR, NORTH BASIN COMPOSITE",07/23/2012 10:15:00,0.18
"LAC SAINT CYR, NORTH BASIN COMPOSITE",08/10/2012 10:45:00,0.17
"LAC SAINT CYR, NORTH BASIN COMPOSITE",08/24/2012 10:30:00,0.16
"LAC SAINT CYR, NORTH BASIN COMPOSITE",09/13/2012 11:00:00,0.16
"LAC SANTE, WHOLE LAKE COMPOSITE",06/29/2011 15:00:00,0.37
"LAC SANTE, WHOLE LAKE COMPOSITE",08/08/2011 13:45:00,0.38
"LAC SANTE, WHOLE LAKE COMPOSITE",09/19/2011 10:15:00,0.36
"LAC SANTE, WHOLE LAKE COMPOSITE",06/13/2012 11:12:00,0.34
"LAC SANTE, WHOLE LAKE COMPOSITE",08/07/2012 09:45:00,0.38
"LAC STE. ANNE, EAST SIDE PROFILE AT GREATEST DEPTH",08/20/2012 10:30:00,0.149
"LAC STE. ANNE, EAST SIDE PROFILE AT GREATEST DEPTH",08/20/2012 10:40:00,0.146
"LAC STE. ANNE, WHOLE LAKE COMPOSITE",06/26/2012 11:00:00,0.129
"LAC STE. ANNE, WHOLE LAKE COMPOSITE",07/16/2012 10:40:00,0.138
"LAC STE. ANNE, WHOLE LAKE COMPOSITE",08/20/2012 10:45:00,0.139
"LAC STE. ANNE, WHOLE LAKE COMPOSITE",09/24/2012 11:30:00,0.168
"LAC STE. ANNE, WHOLE LAKE COMPOSITE",06/24/2013 08:38:00,0.15
"LAC STE. ANNE, WHOLE LAKE COMPOSITE",08/09/2013 10:45:00,0.15
"LAC STE. ANNE, WHOLE LAKE COMPOSITE",09/25/2013 11:38:00,0.16
"LAC STE. ANNE, WHOLE LAKE COMPOSITE",06/26/2014 08:50:00,0.16
"LAC STE. ANNE, WHOLE LAKE COMPOSITE",08/11/2014 08:30:00,0.16
"LAC STE. ANNE, WHOLE LAKE COMPOSITE",09/18/2014 09:30:00,0.17
"LACOMBE LAKE, COMPOSITE",06/06/2014 10:45:00,0.153
"LACOMBE LAKE, COMPOSITE",07/05/2014 09:45:00,0.183
"LACOMBE LAKE, COMPOSITE",08/14/2014 09:45:00,0.231
"LACOMBE LAKE, COMPOSITE",09/07/2014 10:00:00,0.166
"LACOMBE LAKE, PROFILE AT DEEPEST LOCATION",08/14/2014 10:00:00,0.23
"LACOMBE LAKE, PROFILE AT DEEPEST LOCATION",08/14/2014 10:15:00,0.224
"LAKE MCGREGOR RESERVOIR, COMPOSITE",07/19/2011 10:00:00,0.15
"LAKE MCGREGOR RESERVOIR, COMPOSITE",08/30/2011 11:15:00,0.15
"LAKE MCGREGOR RESERVOIR, COMPOSITE",06/12/2013 13:45:00,0.17
"LAKE MCGREGOR RESERVOIR, COMPOSITE",07/09/2013 14:00:00,0.17
"LAKE MCGREGOR RESERVOIR, COMPOSITE",08/19/2013 11:00:00,0.16
"LAKE MCGREGOR RESERVOIR, COMPOSITE",09/04/2013 09:30:00,0.16
"LAKE MCGREGOR RESERVOIR, COMPOSITE",10/11/2013 09:30:00,0.17
"LAKE NEWELL, COMPOSITE",06/09/2011 09:45:00,0.19
"LAKE NEWELL, COMPOSITE",08/10/2011 09:28:00,0.18
"LAKE NEWELL, COMPOSITE",09/09/2011 10:05:00,0.16
"LAKE NEWELL, COMPOSITE",05/21/2013 12:00:00,0.19
"LAKE NEWELL, COMPOSITE",07/12/2013 11:00:00,0.28
"LAKE NEWELL, COMPOSITE",08/20/2013 10:30:00,0.18
"LAKE NEWELL, COMPOSITE",09/09/2013 12:30:00,0.18
"LAKE NEWELL, COMPOSITE",10/10/2013 10:00:00,0.17
"LAURIER LAKE, COMPOSITE",06/14/2011 10:15:00,0.38
"LAURIER LAKE, COMPOSITE",07/26/2011 09:30:00,0.38
"LAURIER LAKE, COMPOSITE",09/01/2011 10:00:00,0.36
"LAURIER LAKE, COMPOSITE",06/07/2012 10:00:00,0.31
"LAURIER LAKE, COMPOSITE",08/01/2012 13:45:00,0.44
"LAURIER LAKE, COMPOSITE",08/29/2012 09:45:00,0.34
"LAURIER LAKE, COMPOSITE",06/07/2013 09:45:00,0.32
"LAURIER LAKE, COMPOSITE",07/30/2013 09:00:00,0.34
"LAURIER LAKE, COMPOSITE",09/04/2013 08:45:00,0.33
"LAURIER LAKE, COMPOSITE",06/09/2014 09:45:00,0.32
"LAURIER LAKE, COMPOSITE",07/31/2014 09:45:00,0.32
"LAURIER LAKE, COMPOSITE",09/05/2014 09:30:00,0.36
"LESSARD LAKE, COMPOSITE",07/29/2014 09:15:00,0.17
"LESSARD LAKE, COMPOSITE",09/23/2014 08:45:00,0.17
"LESSER SLAVE LAKE, EAST BASIN COMPOSITE",06/08/2011 07:00:00,0.1
"LESSER SLAVE LAKE, EAST BASIN COMPOSITE",09/07/2011 08:30:00,0.1
"LESSER SLAVE LAKE, EAST BASIN PROFILE",02/07/2012 13:30:00,0.1
"LESSER SLAVE LAKE, EAST BASIN PROFILE",02/07/2012 13:45:00,0.1
"LESSER SLAVE LAKE, WEST BASIN COMPOSITE",06/08/2011 11:00:00,0.1
"LESSER SLAVE LAKE, WEST BASIN COMPOSITE",09/06/2011 14:30:00,0.1
"LESSER SLAVE LAKE, WEST BASIN PROFILE",02/07/2012 10:30:00,0.1
"LESSER SLAVE LAKE, WEST BASIN PROFILE",02/07/2012 10:45:00,0.1
"LITTLE BEAVER LAKE, COMPOSITE",06/23/2014 10:15:00,0.29
"LITTLE BEAVER LAKE, COMPOSITE",08/01/2014 08:00:00,0.29
"LITTLE BEAVER LAKE, COMPOSITE",09/16/2014 08:00:00,0.32
"LONG LAKE (NEAR BOYLE), COMPOSITE",06/11/2013 08:45:00,0.14
"LONG LAKE (NEAR BOYLE), COMPOSITE",07/29/2013 09:00:00,0.16
"LONG LAKE (NEAR BOYLE), COMPOSITE",09/16/2013 10:00:00,0.17
"LOWER CHAIN (MAGEE) LAKE NEAR PONOKA, COMPOSITE",07/03/2014 13:30:00,0.13
"LOWER CHAIN (MAGEE) LAKE NEAR PONOKA, COMPOSITE",08/22/2014 13:00:00,0.14
"LOWER KANANASKIS LAKE, COMPOSITE",06/25/2012 11:30:00,0.15
"LOWER KANANASKIS LAKE, COMPOSITE",07/30/2012 11:30:00,0.08
"LOWER KANANASKIS LAKE, COMPOSITE",09/17/2012 12:00:00,0.11
"MARIE LAKE, COMPOSITE",06/29/2012 08:15:00,0.12
"MARIE LAKE, COMPOSITE",08/14/2012 10:30:00,0.12
"MARIE LAKE, COMPOSITE",09/30/2012 08:00:00,0.12
"MARIE LAKE, COMPOSITE",06/30/2014 08:30:00,0.11
"MARIE LAKE, COMPOSITE",08/17/2014 09:00:00,0.11
"MAYATAN LAKE, EAST BASIN COMPOSITE",06/16/2012 11:20:00,0.28
"MAYATAN LAKE, EAST BASIN COMPOSITE",08/12/2012 13:30:00,0.22
"MAYATAN LAKE, EAST BASIN COMPOSITE",09/22/2012 12:30:00,0.28
"MAYATAN LAKE, EAST BASIN COMPOSITE",06/23/2013 09:45:00,0.24
"MAYATAN LAKE, EAST BASIN COMPOSITE",08/11/2013 08:45:00,0.21
"MAYATAN LAKE, EAST BASIN COMPOSITE",09/29/2013 10:34:00,0.22
"MAYATAN LAKE, WEST BASIN COMPOSITE",06/16/2012 15:30:00,0.3
"MAYATAN LAKE, WEST BASIN COMPOSITE",08/12/2012 11:45:00,0.24
"MAYATAN LAKE, WEST BASIN COMPOSITE",09/22/2012 11:00:00,0.29
"MAYATAN LAKE, WEST BASIN COMPOSITE",06/23/2013 12:30:00,0.24
"MAYATAN LAKE, WEST BASIN COMPOSITE",08/11/2013 10:40:00,0.23
"MAYATAN LAKE, WEST BASIN COMPOSITE",09/29/2013 12:26:00,0.23
"MAYATAN LAKE, WHOLE LAKE COMPOSITE",06/26/2011 12:15:00,0.23
"MAYATAN LAKE, WHOLE LAKE COMPOSITE",08/03/2011 09:27:00,0.24
"MAYATAN LAKE, WHOLE LAKE COMPOSITE",09/11/2011 09:35:00,0.24
"MCLEOD LAKE, EAST COMPOSITE",06/23/2014 09:45:00,0.1
"MCLEOD LAKE, EAST COMPOSITE",08/11/2014 10:30:00,0.1
"MCLEOD LAKE, EAST COMPOSITE",09/15/2014 11:00:00,0.11
"MIDDLE CHAIN LAKE (NEAR PONOKA), COMPOSITE",06/28/2013 15:00:00,0.13
"MIDDLE CHAIN LAKE (NEAR PONOKA), COMPOSITE",08/02/2013 13:20:00,0.14
"MIDDLE CHAIN LAKE (NEAR PONOKA), COMPOSITE",09/20/2013 13:45:00,0.14
"MILK RIVER RIDGE RESERVOIR, COMPOSITE",06/29/2011 10:30:00,0.12
"MILK RIVER RIDGE RESERVOIR, COMPOSITE",08/04/2011 09:00:00,0.14
"MILK RIVER RIDGE RESERVOIR, COMPOSITE",05/24/2012 10:15:00,0.11
"MILK RIVER RIDGE RESERVOIR, COMPOSITE",06/20/2012 11:15:00,0.11
"MILK RIVER RIDGE RESERVOIR, COMPOSITE",07/25/2012 14:00:00,0.05
"MILK RIVER RIDGE RESERVOIR, COMPOSITE",08/08/2012 15:00:00,0.11
"MILK RIVER RIDGE RESERVOIR, COMPOSITE",08/22/2012 10:45:00,0.1
"MILK RIVER RIDGE RESERVOIR, COMPOSITE",09/18/2012 10:15:00,0.078
"MINNIE LAKE, COMPOSITE",06/09/2011 10:45:00,0.31
"MINNIE LAKE, COMPOSITE",08/08/2011 09:15:00,0.3
"MINNIE LAKE, COMPOSITE",09/15/2011 10:15:00,0.3
"MINNIE LAKE, COMPOSITE",06/18/2012 09:45:00,0.38
"MINNIE LAKE, COMPOSITE",08/17/2012 10:15:00,0.29
"MINNIE LAKE, COMPOSITE",09/19/2012 10:00:00,0.29
"MINNIE LAKE, COMPOSITE",06/12/2013 10:00:00,0.31
"MINNIE LAKE, COMPOSITE",08/06/2013 10:00:00,0.28
"MINNIE LAKE, COMPOSITE",09/13/2013 09:30:00,0.31
"MINNIE LAKE, COMPOSITE",06/11/2014 10:45:00,0.29
"MINNIE LAKE, COMPOSITE",08/06/2014 09:15:00,0.28
"MINNIE LAKE, COMPOSITE",09/17/2014 09:45:00,0.31
"MIQUELON LAKE, COMPOSITE",06/17/2013 08:32:00,0.41
"MIQUELON LAKE, COMPOSITE",08/06/2013 08:03:00,0.03
"MIQUELON LAKE, COMPOSITE",09/05/2013 08:29:00,0.02
"MOONSHINE LAKE, COMPOSITE",05/30/2013 11:30:00,0.18
"MOONSHINE LAKE, COMPOSITE",06/20/2013 10:00:00,0.16
"MOONSHINE LAKE, COMPOSITE",07/18/2013 09:30:00,0.2
"MOONSHINE LAKE, COMPOSITE",08/15/2013 08:30:00,0.19
"MOONSHINE LAKE, COMPOSITE",09/05/2013 11:30:00,0.19
"MOONSHINE LAKE, COMPOSITE",10/03/2013 11:30:00,0.16
"MOONSHINE LAKE, COMPOSITE",06/19/2014 13:45:00,0.17
"MOONSHINE LAKE, COMPOSITE",08/06/2014 10:00:00,0.19
"MOONSHINE LAKE, COMPOSITE",09/17/2014 14:00:00,0.19
"MOORE (CRANE) LAKE, COMPOSITE",07/29/2011 07:00:00,0.21
"MOORE (CRANE) LAKE, COMPOSITE",08/12/2011 09:15:00,0.2
"MOORE (CRANE) LAKE, COMPOSITE",09/15/2011 14:15:00,0.2
"MOORE (CRANE) LAKE, COMPOSITE",06/20/2012 07:15:00,0.26
"MOORE (CRANE) LAKE, COMPOSITE",08/14/2012 07:00:00,0.21
"MOORE (CRANE) LAKE, COMPOSITE",09/10/2012 06:45:00,0.22
"MOORE (CRANE) LAKE, COMPOSITE",06/28/2013 06:45:00,0.2
"MOORE (CRANE) LAKE, COMPOSITE",08/08/2013 08:30:00,0.21
"MOORE (CRANE) LAKE, COMPOSITE",09/18/2013 13:45:00,0.22
"MOORE (CRANE) LAKE, COMPOSITE",06/12/2014 06:30:00,0.2
"MOORE (CRANE) LAKE, COMPOSITE",08/01/2014 07:00:00,0.2
"MOORE (CRANE) LAKE, COMPOSITE",09/08/2014 10:00:00,0.22
"MOOSE LAKE, WHOLE LAKE COMPOSITE",06/28/2011 10:00:00,0.2
"MOOSE LAKE, WHOLE LAKE COMPOSITE",08/14/2011 10:30:00,0.2
"MOOSE LAKE, WHOLE LAKE COMPOSITE",09/23/2011 11:15:00,0.41
"MOOSE LAKE, WHOLE LAKE COMPOSITE",06/21/2012 10:00:00,0.25
"MOOSE LAKE, WHOLE LAKE COMPOSITE",08/23/2012 09:00:00,0.21
"MOOSE LAKE, WHOLE LAKE COMPOSITE",09/20/2012 09:15:00,0.2
"MOOSE LAKE, WHOLE LAKE COMPOSITE",06/28/2013 12:15:00,0.2
"MOOSE LAKE, WHOLE LAKE COMPOSITE",08/07/2013 09:45:00,0.2
"MOOSE LAKE, WHOLE LAKE COMPOSITE",09/23/2013 11:30:00,0.19
"MOOSE LAKE, WHOLE LAKE COMPOSITE",06/19/2014 09:15:00,0.2
"MOOSE LAKE, WHOLE LAKE COMPOSITE",08/01/2014 12:00:00,0.2
"MOOSE LAKE, WHOLE LAKE COMPOSITE",09/29/2014 09:00:00,0.2
"MURIEL LAKE, WHOLE LAKE COMPOSITE",06/04/2012 11:14:00,0.19
"MURIEL LAKE, WHOLE LAKE COMPOSITE",08/03/2012 09:15:00,0.2
"MURIEL LAKE, WHOLE LAKE COMPOSITE",09/16/2012 10:00:00,0.2
"MURRAY LAKE RESERVOIR, COMPOSITE",05/28/2012 12:30:00,0.11
"MURRAY LAKE RESERVOIR, COMPOSITE",07/04/2012 13:00:00,0.11
"MURRAY LAKE RESERVOIR, COMPOSITE",08/27/2012 13:30:00,0.11
"NAKAMUN LAKE, COMPOSITE",05/23/2012 12:00:00,0.21
"NAKAMUN LAKE, COMPOSITE",06/18/2012 11:30:00,0.17
"NAKAMUN LAKE, COMPOSITE",07/17/2012 11:45:00,0.14
"NAKAMUN LAKE, COMPOSITE",08/08/2012 11:30:00,0.2
"NAKAMUN LAKE, COMPOSITE",09/05/2012 11:00:00,0.16
"NAKAMUN LAKE, COMPOSITE",09/18/2012 11:00:00,0.15
"NAKAMUN LAKE, COMPOSITE",10/23/2012 11:00:00,0.16
"NAKAMUN LAKE, COMPOSITE",05/27/2014 12:00:00,0.14
"NAKAMUN LAKE, COMPOSITE",06/23/2014 11:00:00,0.15
"NAKAMUN LAKE, COMPOSITE",07/14/2014 11:30:00,0.15
"NAKAMUN LAKE, COMPOSITE",08/05/2014 11:30:00,0.14
"NAKAMUN LAKE, COMPOSITE",08/26/2014 10:30:00,0.15
"NAKAMUN LAKE, COMPOSITE",09/17/2014 11:00:00,0.16
"NAKAMUN LAKE, COMPOSITE",10/16/2014 10:45:00,0.15
"NAKAMUN LAKE, PROFILE AT CENTRE",03/12/2013 11:00:00,0.09
"NAKAMUN LAKE, PROFILE AT CENTRE",03/12/2013 11:15:00,0.08
"NAKAMUN LAKE, PROFILE AT CENTRE",03/12/2013 11:30:00,0.09
"NAKAMUN LAKE, PROFILE AT CENTRE",03/05/2015 11:50:00,0.16
"NAKAMUN LAKE, PROFILE AT CENTRE",03/05/2015 11:55:00,0.15
"NAKAMUN LAKE, PROFILE AT CENTRE",03/05/2015 12:00:00,0.16
"PIGEON LAKE, COMPOSITE",07/07/2011 10:15:00,0.138
"PIGEON LAKE, COMPOSITE",08/10/2011 10:30:00,0.129
"PIGEON LAKE, COMPOSITE",09/15/2011 11:30:00,0.169
"PIGEON LAKE, COMPOSITE",06/21/2012 09:45:00,0.114
"PIGEON LAKE, COMPOSITE",07/30/2012 10:00:00,0.11
"PIGEON LAKE, COMPOSITE",08/21/2012 10:45:00,0.112
"PIGEON LAKE, COMPOSITE",09/20/2012 12:00:00,0.102
"PIGEON LAKE, COMPOSITE",06/05/2013 10:30:00,0.092
"PIGEON LAKE, COMPOSITE",06/16/2013 12:20:00,0.109
"PIGEON LAKE, COMPOSITE",06/18/2013 08:10:00,0.101
"PIGEON LAKE, COMPOSITE",06/26/2013 09:15:00,0.115
"PIGEON LAKE, COMPOSITE",07/04/2013 11:00:00,0.11
"PIGEON LAKE, COMPOSITE",07/10/2013 08:50:00,0.111
"PIGEON LAKE, COMPOSITE",07/17/2013 09:10:00,0.104
"PIGEON LAKE, COMPOSITE",07/24/2013 09:10:00,0.102
"PIGEON LAKE, COMPOSITE",07/29/2013 09:00:00,0.151
"PIGEON LAKE, COMPOSITE",08/08/2013 08:00:00,0.111
"PIGEON LAKE, COMPOSITE",08/14/2013 09:10:00,0.126
"PIGEON LAKE, COMPOSITE",08/22/2013 09:15:00,0.114
"PIGEON LAKE, COMPOSITE",08/28/2013 09:00:00,0.1
"PIGEON LAKE, COMPOSITE",09/05/2013 08:45:00,0.105
"PIGEON LAKE, COMPOSITE",09/19/2013 11:30:00,0.106
"PIGEON LAKE, COMPOSITE",06/26/2014 08:15:00,0.14
"PIGEON LAKE, COMPOSITE",07/31/2014 08:00:00,0.14
"PIGEON LAKE, COMPOSITE",09/16/2014 14:00:00,0.15
"PIGEON LAKE, PROFILE AT CENTRE",08/10/2011 10:10:00,0.132
"PIGEON LAKE, PROFILE AT CENTRE",08/10/2011 10:25:00,0.13
"PIGEON LAKE, PROFILE AT CENTRE",08/21/2012 10:00:00,0.13
"PIGEON LAKE, PROFILE AT CENTRE",08/21/2012 10:20:00,0.125
"PIGEON LAKE, PROFILE AT CENTRE",06/18/2013 08:10:00,0.101
"PIGEON LAKE, PROFILE AT CENTRE",06/18/2013 08:10:00,0.104
"PIGEON LAKE, PROFILE AT CENTRE",07/24/2013 08:55:00,0.12
"PIGEON LAKE, PROFILE AT CENTRE",07/24/2013 09:00:00,0.113
"PIGEON LAKE, PROFILE AT CENTRE",08/22/2013 09:30:00,0.107
"PIGEON LAKE, PROFILE AT CENTRE",08/22/2013 09:30:00,0.108
"PIGEON LAKE, PROFILE AT CENTRE",09/19/2013 11:15:00,0.1
"PIGEON LAKE, PROFILE AT CENTRE",09/19/2013 11:15:00,0.107
"PINE LAKE, COMPOSITE",06/10/2011 09:34:00,0.24
"PINE LAKE, COMPOSITE",07/29/2011 09:00:00,0.24
"PINE LAKE, COMPOSITE",09/16/2011 08:45:00,0.24
"PINE LAKE, COMPOSITE",06/12/2013 12:04:00,0.23
"PINE LAKE, COMPOSITE",08/14/2013 09:03:00,0.23
"PINEHURST LAKE, COMPOSITE",06/13/2013 09:30:00,0.11
"PINEHURST LAKE, COMPOSITE",07/31/2013 09:00:00,0.13
"PINEHURST LAKE, COMPOSITE",09/10/2013 10:00:00,0.12
"RATTLESNAKE (SAUDER) LAKE, COMPOSITE",07/06/2011 10:00:00,0.14
"RATTLESNAKE (SAUDER) LAKE, COMPOSITE",08/05/2011 09:30:00,0.11
"RATTLESNAKE (SAUDER) LAKE, COMPOSITE",06/20/2014 08:00:00,0.072
"RATTLESNAKE (SAUDER) LAKE, COMPOSITE",07/08/2014 08:00:00,0.075
"RATTLESNAKE (SAUDER) LAKE, COMPOSITE",07/29/2014 12:00:00,0.08
"RATTLESNAKE (SAUDER) LAKE, COMPOSITE",08/27/2014 07:30:00,0.072
"RED DEER LAKE, COMPOSITE",06/16/2014 11:00:00,0.4
"RED DEER LAKE, COMPOSITE",07/11/2014 12:00:00,0.4
"RED DEER LAKE, COMPOSITE",08/20/2014 11:00:00,0.4
"RED DEER LAKE, COMPOSITE",10/08/2014 11:15:00,0.4
"RED DEER LAKE, PROFILE AT DEEPEST LOCATION",08/20/2014 10:50:00,0.4
"REESOR LAKE RESERVOIR, COMPOSITE",06/23/2011 09:00:00,0.15
"REESOR LAKE RESERVOIR, COMPOSITE",08/09/2011 08:30:00,0.16
"REESOR LAKE RESERVOIR, COMPOSITE",09/21/2011 09:00:00,0.17
"SASKATOON LAKE, COMPOSITE",06/19/2014 08:30:00,0.58
"SASKATOON LAKE, COMPOSITE",08/05/2014 15:00:00,0.63
"SASKATOON LAKE, COMPOSITE",09/17/2014 09:45:00,0.65
"SHERBURNE (GRASSY) LAKE, COMPOSITE",06/20/2014 12:00:00,0.067
"SHERBURNE (GRASSY) LAKE, COMPOSITE",07/08/2014 11:30:00,0.076
"SHERBURNE (GRASSY) LAKE, COMPOSITE",07/30/2014 09:30:00,0.069
"SHORNCLIFFE LAKE, COMPOSITE",07/14/2011 12:00:00,0.5
"SHORNCLIFFE LAKE, COMPOSITE",08/16/2011 11:45:00,0.5
"SHORNCLIFFE LAKE, COMPOSITE",09/19/2011 12:00:00,1
"SHORNCLIFFE LAKE, EAST BASIN PROFILE",08/16/2011 11:03:00,0.5
"SHORNCLIFFE LAKE, EAST BASIN PROFILE",08/16/2011 11:45:00,0.5
"SKELETON LAKE, NORTH BASIN COMPOSITE",06/21/2011 14:00:00,0.14
"SKELETON LAKE, NORTH BASIN COMPOSITE",07/27/2011 12:30:00,0.14
"SKELETON LAKE, NORTH BASIN COMPOSITE",09/21/2011 10:15:00,0.15
"SKELETON LAKE, NORTH BASIN COMPOSITE",06/08/2012 09:15:00,0.14
"SKELETON LAKE, NORTH BASIN COMPOSITE",08/02/2012 09:00:00,0.12
"SKELETON LAKE, NORTH BASIN COMPOSITE",09/18/2012 08:45:00,0.15
"SKELETON LAKE, NORTH BASIN COMPOSITE",06/18/2013 08:45:00,0.15
"SKELETON LAKE, NORTH BASIN COMPOSITE",07/25/2013 08:30:00,0.15
"SKELETON LAKE, NORTH BASIN COMPOSITE",09/15/2013 13:30:00,0.16
"SKELETON LAKE, NORTH BASIN COMPOSITE",06/04/2014 09:15:00,0.14
"SKELETON LAKE, NORTH BASIN COMPOSITE",08/09/2014 08:45:00,0.14
"SKELETON LAKE, NORTH BASIN COMPOSITE",09/09/2014 10:45:00,0.16
"SKELETON LAKE, SOUTH BASIN COMPOSITE",06/21/2011 10:45:00,0.15
"SKELETON LAKE, SOUTH BASIN COMPOSITE",07/27/2011 09:30:00,0.15
"SKELETON LAKE, SOUTH BASIN COMPOSITE",06/08/2012 12:45:00,0.15
"SKELETON LAKE, SOUTH BASIN COMPOSITE",08/02/2012 12:00:00,0.13
"SKELETON LAKE, SOUTH BASIN COMPOSITE",06/18/2013 12:30:00,0.14
"SKELETON LAKE, SOUTH BASIN COMPOSITE",07/25/2013 12:30:00,0.16
"SKELETON LAKE, SOUTH BASIN COMPOSITE",09/09/2013 12:30:00,0.15
"SKELETON LAKE, SOUTH BASIN COMPOSITE",06/23/2014 10:30:00,0.16
"SKELETON LAKE, SOUTH BASIN COMPOSITE",08/05/2014 12:45:00,0.14
"SKELETON LAKE, SOUTH BASIN COMPOSITE",09/14/2014 10:00:00,0.16
"SMOKE LAKE, COMPOSITE",07/29/2014 08:00:00,0.05
"SMOKE LAKE, COMPOSITE",08/12/2014 08:15:00,0.06
"SMOKE LAKE, COMPOSITE",09/30/2014 11:30:00,0.05
"SPRAY LAKES RESERVOIR, COMPOSITE",06/26/2014 12:00:00,0.099
"SPRAY LAKES RESERVOIR, COMPOSITE",07/18/2014 11:30:00,0.096
"SPRAY LAKES RESERVOIR, COMPOSITE",08/29/2014 10:30:00,0.089
"SPRAY LAKES RESERVOIR, COMPOSITE",09/15/2014 10:30:00,0.12
"SPRUCE COULEE RESERVOIR, COMPOSITE",06/23/2011 11:30:00,0.11
"SPRUCE COULEE RESERVOIR, COMPOSITE",08/09/2011 10:50:00,0.12
"ST. MARY RESERVOIR, COMPOSITE",06/23/2014 12:00:00,0.05
"ST. MARY RESERVOIR, COMPOSITE",07/09/2014 12:00:00,0.05
"ST. MARY RESERVOIR, COMPOSITE",08/01/2014 10:00:00,0.05
"ST. MARY RESERVOIR, COMPOSITE",09/02/2014 12:00:00,0.05
"ST. MARY RESERVOIR, COMPOSITE",09/25/2014 11:30:00,0.053
"STEELE (CROSS) LAKE, COMPOSITE",06/19/2013 14:21:00,0.13
"STEELE (CROSS) LAKE, COMPOSITE",08/13/2013 13:45:00,0.13
"STEELE (CROSS) LAKE, COMPOSITE",09/10/2013 13:00:00,0.14
"STURGEON LAKE, MAIN BASIN COMPOSITE",06/26/2014 11:35:00,0.08
"STURGEON LAKE, MAIN BASIN COMPOSITE",08/09/2014 09:00:00,0.08
"STURGEON LAKE, MAIN BASIN COMPOSITE",09/22/2014 10:30:00,0.1
"SYLVAN LAKE, COMPOSITE",07/05/2011 12:00:00,0.126
"SYLVAN LAKE, COMPOSITE",08/08/2011 11:30:00,0.137
"SYLVAN LAKE, COMPOSITE",09/08/2011 12:00:00,0.134
"SYLVAN LAKE, COMPOSITE",06/26/2014 13:30:00,0.14
"SYLVAN LAKE, COMPOSITE",08/12/2014 10:45:00,0.14
"SYLVAN LAKE, COMPOSITE",09/22/2014 11:30:00,0.15
"SYLVAN LAKE, PROFILE AT GREATEST DEPTH",08/08/2011 11:05:00,0.132
"SYLVAN LAKE, PROFILE AT GREATEST DEPTH",08/08/2011 11:38:00,0.131
"TOUCHWOOD LAKE, COMPOSITE",06/27/2014 10:00:00,0.11
"TOUCHWOOD LAKE, COMPOSITE",08/15/2014 10:45:00,0.11
"TOUCHWOOD LAKE, COMPOSITE",09/19/2014 10:15:00,0.12
"TRAVERS RESERVOIR, COMPOSITE",06/06/2012 11:00:00,0.21
"TRAVERS RESERVOIR, COMPOSITE",06/27/2012 13:00:00,0.21
"TRAVERS RESERVOIR, COMPOSITE",07/23/2012 11:00:00,0.23
"TRAVERS RESERVOIR, COMPOSITE",08/09/2012 10:55:00,0.2
"TRAVERS RESERVOIR, COMPOSITE",08/28/2012 10:00:00,0.19
"TRAVERS RESERVOIR, COMPOSITE",06/06/2013 14:30:00,0.19
"TRAVERS RESERVOIR, COMPOSITE",07/04/2013 11:25:00,0.19
"TRAVERS RESERVOIR, COMPOSITE",08/13/2013 13:00:00,0.17
"TRAVERS RESERVOIR, COMPOSITE",09/11/2013 10:00:00,0.17
"TWIN VALLEY RESERVOIR, CENTRAL BASIN COMPOSITE",06/01/2011 10:30:00,0.19
"TWIN VALLEY RESERVOIR, CENTRAL BASIN COMPOSITE",07/04/2011 10:30:00,0.22
"TWIN VALLEY RESERVOIR, CENTRAL BASIN COMPOSITE",08/03/2011 11:30:00,0.24
"TWIN VALLEY RESERVOIR, CENTRAL BASIN COMPOSITE",09/27/2011 09:30:00,0.21
"TWIN VALLEY RESERVOIR, CENTRAL BASIN COMPOSITE",05/31/2012 13:00:00,0.22
"TWIN VALLEY RESERVOIR, CENTRAL BASIN COMPOSITE",06/26/2012 09:45:00,0.21
"TWIN VALLEY RESERVOIR, CENTRAL BASIN COMPOSITE",07/17/2012 09:00:00,0.22
"TWIN VALLEY RESERVOIR, CENTRAL BASIN COMPOSITE",08/08/2012 09:51:00,0.21
"TWIN VALLEY RESERVOIR, CENTRAL BASIN COMPOSITE",08/27/2012 11:00:00,0.22
"TWIN VALLEY RESERVOIR, CENTRAL BASIN COMPOSITE",06/05/2013 11:30:00,0.22
"TWIN VALLEY RESERVOIR, CENTRAL BASIN COMPOSITE",07/03/2013 15:15:00,0.2
"TWIN VALLEY RESERVOIR, CENTRAL BASIN COMPOSITE",07/24/2013 13:30:00,0.22
"TWIN VALLEY RESERVOIR, CENTRAL BASIN COMPOSITE",09/04/2013 13:30:00,0.21
"TWIN VALLEY RESERVOIR, CENTRAL BASIN COMPOSITE",10/09/2013 13:00:00,0.22
"TWIN VALLEY RESERVOIR, CENTRAL BASIN COMPOSITE",07/02/2014 09:30:00,0.17
"TWIN VALLEY RESERVOIR, CENTRAL BASIN COMPOSITE",07/21/2014 10:00:00,0.18
"TWIN VALLEY RESERVOIR, CENTRAL BASIN COMPOSITE",08/26/2014 08:59:00,0.19
"TWIN VALLEY RESERVOIR, CENTRAL BASIN COMPOSITE",09/17/2014 08:59:00,0.2
"TWIN VALLEY RESERVOIR, CENTRAL BASIN COMPOSITE",09/30/2014 12:59:00,0.2
"UNNAMED (IDANO) LAKE, COMPOSITE",05/20/2020 13:45:00,0.2
"UPPER CHAIN LAKE (NEAR PONOKA), COMPOSITE",06/16/2011 10:05:00,0.16
"UPPER CHAIN LAKE (NEAR PONOKA), COMPOSITE",08/15/2011 12:10:00,0.14
"UPPER CHAIN LAKE (NEAR PONOKA), COMPOSITE",09/15/2011 10:07:00,0.15
"UPPER KANANASKIS LAKE, COMPOSITE",06/25/2012 08:30:00,0.16
"UPPER KANANASKIS LAKE, COMPOSITE",07/30/2012 08:30:00,0.1
"UPPER KANANASKIS LAKE, COMPOSITE",09/17/2012 09:15:00,0.11
"UPPER THERIEN LAKE, COMPOSITE",06/06/2014 09:50:00,0.4
"UPPER THERIEN LAKE, COMPOSITE",08/13/2014 09:45:00,0.45
"UPPER THERIEN LAKE, COMPOSITE",09/10/2014 09:45:00,0.47
"VICTOR LAKE, COMPOSITE",06/13/2011 18:30:00,0.15
"VICTOR LAKE, COMPOSITE",08/16/2011 08:00:00,0.14
"VICTOR LAKE, COMPOSITE",10/19/2011 15:30:00,0.15
"VICTOR LAKE, PROFILE",03/06/2012 08:20:00,0.16
"VICTOR LAKE, PROFILE",03/06/2012 08:40:00,0.17
"WABAMUN LAKE, EAST BASIN COMPOSITE",05/28/2014 11:45:00,0.4
"WABAMUN LAKE, EAST BASIN COMPOSITE",06/23/2014 13:00:00,0.41
"WABAMUN LAKE, EAST BASIN COMPOSITE",07/15/2014 12:00:00,0.41
"WABAMUN LAKE, EAST BASIN COMPOSITE",08/06/2014 11:30:00,0.41
"WABAMUN LAKE, EAST BASIN COMPOSITE",08/25/2014 11:30:00,0.42
"WABAMUN LAKE, EAST BASIN COMPOSITE",09/16/2014 10:30:00,0.43
"WABAMUN LAKE, EAST BASIN COMPOSITE",10/14/2014 10:40:00,0.4
"WABAMUN LAKE, EAST BASIN PROFILE",08/17/2011 10:10:00,0.4
"WABAMUN LAKE, EAST BASIN PROFILE",08/17/2011 10:30:00,0.4
"WABAMUN LAKE, EAST BASIN PROFILE",02/29/2012 11:00:00,0.51
"WABAMUN LAKE, EAST BASIN PROFILE",02/29/2012 11:15:00,0.5
"WABAMUN LAKE, EAST BASIN PROFILE",02/29/2012 11:30:00,0.5
"WABAMUN LAKE, EAST BASIN PROFILE",03/05/2013 12:30:00,0.42
"WABAMUN LAKE, EAST BASIN PROFILE",03/05/2013 12:45:00,0.4
"WABAMUN LAKE, EAST BASIN PROFILE",03/05/2013 13:00:00,0.4
"WABAMUN LAKE, EAST BASIN PROFILE",08/15/2013 10:05:00,0.32
"WABAMUN LAKE, EAST BASIN PROFILE",08/15/2013 10:20:00,0.38
"WABAMUN LAKE, EAST BASIN PROFILE",03/19/2015 09:45:00,0.43
"WABAMUN LAKE, EAST BASIN PROFILE",03/19/2015 09:50:00,0.43
"WABAMUN LAKE, EAST BASIN PROFILE",03/19/2015 10:00:00,0.44
"WABAMUN LAKE, MAIN BASIN COMPOSITE",07/19/2011 11:15:00,0.4
"WABAMUN LAKE, MAIN BASIN COMPOSITE",08/17/2011 11:00:00,0.4
"WABAMUN LAKE, MAIN BASIN COMPOSITE",09/30/2011 09:30:00,0.42
"WABAMUN LAKE, MAIN BASIN COMPOSITE",05/24/2012 11:45:00,0.43
"WABAMUN LAKE, MAIN BASIN COMPOSITE",06/12/2012 09:45:00,0.36
"WABAMUN LAKE, MAIN BASIN COMPOSITE",07/11/2012 12:15:00,0.42
"WABAMUN LAKE, MAIN BASIN COMPOSITE",08/07/2012 11:30:00,0.42
"WABAMUN LAKE, MAIN BASIN COMPOSITE",08/28/2012 10:40:00,0.42
"WABAMUN LAKE, MAIN BASIN COMPOSITE",09/19/2012 13:00:00,0.4
"WABAMUN LAKE, MAIN BASIN COMPOSITE",10/22/2012 12:00:00,0.4
"WABAMUN LAKE, MAIN BASIN COMPOSITE",06/11/2013 11:00:00,0.36
"WABAMUN LAKE, MAIN BASIN COMPOSITE",07/08/2013 10:30:00,0.41
"WABAMUN LAKE, MAIN BASIN COMPOSITE",08/15/2013 11:30:00,0.37
"WABAMUN LAKE, MAIN BASIN COMPOSITE",09/24/2013 11:00:00,0.39
"WADLIN LAKE, COMPOSITE",06/23/2011 10:30:00,0.11
"WADLIN LAKE, COMPOSITE",08/15/2011 09:30:00,0.12
"WINAGAMI LAKE, COMPOSITE",06/24/2014 09:50:00,0.19
"WINAGAMI LAKE, COMPOSITE",08/07/2014 10:00:00,0.19
"WINAGAMI LAKE, COMPOSITE",09/18/2014 09:30:00,1.1
"WIZARD LAKE, COMPOSITE",06/27/2011 08:45:00,0.17
"WIZARD LAKE, COMPOSITE",08/04/2011 09:45:00,0.16
"WIZARD LAKE, COMPOSITE",09/13/2011 08:45:00,0.16
"WIZARD LAKE, COMPOSITE",06/19/2013 09:15:00,0.16
"WIZARD LAKE, COMPOSITE",08/07/2013 09:20:00,0.17
"WIZARD LAKE, COMPOSITE",09/11/2013 09:15:00,0.18
"WOLF LAKE, COMPOSITE",06/14/2013 08:30:00,0.13
"WOLF LAKE, COMPOSITE",08/22/2013 14:00:00,0.13
"WOLF LAKE, COMPOSITE",09/20/2013 14:00:00,0.13